<?xml version="1.0" encoding="UTF-8"?>
<?xml-model href="Maltese-NG-Ex%232.rnc" type="application/relax-ng-compact-syntax"?>
<xml>
    <metadata>
        <title media="radioscript">The Maltese Falcon</title>
        <broadcastInfo> Originally broadcast: <date when="1946-07-03">3 July 1946</date>
        </broadcastInfo>
        <author media="novel">Dashiell Hammett</author>
        <author media="radioscript">Frank Wilson</author>
        <composer media="music">Leith Stevens</composer>
        <director>Dee Engelbach</director>
        <scriptSource>https://emruf.webs.com/acad.htm</scriptSource>
        <audio>https://www.oldtimeradiodownloads.com/drama/academy-award-theater/the-maltese-falcon-1946-07-03</audio>
        <voices>
            <actor>Humphrey Bogart</actor>
            <actor>Mary Astor</actor>
            <actor>Sydney Greenstreet</actor>
            <actor>Hugh Brundage</actor>
        </voices>
        <roles>
            <character gender="m">ANNOUNCER</character>
            <character gender="m">SPADE</character>
            <character gender="f">BRIGID</character>
            <character gender="m">CAIRO</character>
            <character gender="m">WILMER</character>
            <character gender="m">GUTMAN</character>
        </roles>
    </metadata>
    <stage type="scene" n="1">MUSIC ... THEME ... IN AND UNDER</stage>
    <sp n="1">
        <speaker>ANNOUNCER</speaker> The House of Squibb presents "Academy Award"! </sp>
    <stage type="scene" n="2">MUSIC ... THEME ... CONTINUES, THEN IN BG</stage>
    <sp n="2">
        <speaker>ANNOUNCER</speaker> Every week, Squibb brings you Hollywood's finest -- the great
        picture plays, the great actors and actresses, techniques and skills chosen from the honor
        roll of those who have won, or been nominated for, the famous golden "Oscar" of the Academy
        of Motion Picture Arts and Sciences! </sp>
    <stage type="scene" n="3">MUSIC ... THEME ... UP AND OUT</stage>
    <sp n="3">
        <speaker>ANNOUNCER</speaker> And now, E. R. Squibb and Sons, manufacturing chemists of the
        medical profession since 1858, bring you the distinguished star, <actor>Mister Humphrey
            Bogart</actor> , who as Best Actor of the Year, was nominated for the 1943 Academy
        Award. You will also hear <actor>Miss Mary Astor</actor> , who won the 1941 Academy Award as
        Best Supporting Actress of the Year. And <actor>Sydney Greenstreet</actor> , who was
        nominated for the 1941 Academy Award as Best Supporting Actor. Tonight, Mr. Bogart, Miss
        Astor and Mr. Greenstreet will play the famous roles they created for the screen in "The
        Maltese Falcon," the thrilling mystery which was nominated as Best Production of the Year
        for the 1941 Academy Award! </sp>
    <stage type="scene" n="4">MUSIC ... FOR AN INTRODUCTION ... THEN IN BG</stage>
    <sp n="4">
        <speaker>SPADE</speaker>
        <stage>NARRATES</stage> My name is Spade, Sam Spade. License number three-five-
        seven-eight-nine-six, issued by the police department of San Francisco. Occupation: private
        detective -- sometimes known as "private eye." My files in the case of the Maltese Falcon
        are closed, but I've got the Maltese Falcon. I got it and some dough. My partner got
        murdered and a very slick chick went up for life. I'll tell you about it. </sp>
    <stage type="scene" n="5">MUSIC ... AN ACCENT ... THEN IN BG</stage>
    <sp n="5">
        <speaker>SPADE</speaker>
        <stage>NARRATES</stage> This slick dame comes to see me one day, gives me a song- and-dance
        about her sister and a guy called Floyd Thursby. She wants us to get her sister back before
        her mother and father get in from Hawaii. I put my partner, Miles Archer, on the case. That
        night, he gets murdered. And so does this guy Thursby. </sp>
    <stage type="scene" n="6">SOUND: FOOTSTEPS</stage>
    <sp n="6">
        <speaker>SPADE</speaker>
        <stage>NARRATES</stage> I go round to the apartment where the dame is living, the one called
        Brigid O'Shaughnessy. <stage>CHUCKLES</stage> She had something I seemed to go for. </sp>
    <stage type="scene" n="7">MUSIC ... OUT</stage>
    <sp n="7">
        <speaker>BRIGID</speaker>
        <stage>SURPRISED TO SEE HIM</stage> Oh, uh, Mr. Spade. Come in. </sp>
    <sp n="8">
        <speaker>SPADE</speaker> I have come in. </sp>
    <sp n="9">
        <speaker>BRIGID</speaker>
        <stage>CHUCKLES NERVOUSLY</stage> Oh, yes. So you have. <stage>TROUBLED</stage> Mr. Spade,
        tell me -- am I to blame for last night? </sp>
    <sp n="10">
        <speaker>SPADE</speaker> You warned us that Thursby was dangerous. Of course, you lied to us
        about your sister and all that, but that doesn't count. We didn't believe you. </sp>
    <sp n="11">
        <speaker>BRIGID</speaker> Ohh. Help me, Mr. Spade. I - I need help so badly. I've no right
        to ask you but I do ask you. Help me. </sp>
    <sp n="12">
        <speaker>SPADE</speaker>
        <stage>CHUCKLES</stage> You won't need much of anybody's help. You're good. You're awful
        good. It's chiefly your eyes, I think, and that throb you get into your voice when you say
        things like - <stage>MIMICS HER</stage> "Help me, Mr. Spade." </sp>
    <sp n="13">
        <speaker>BRIGID</speaker> I deserve that. But, oh, the lie was in the WAY I said it and -
        not at all in what I said. </sp>
    <sp n="14">
        <speaker>SPADE</speaker> If I'm going to help you, I've got to have some sort of a line on
        your Floyd Thursby. </sp>
    <sp n="15">
        <speaker>BRIGID</speaker> I met him in the Orient. We came here from Hong Kong last week. </sp>
    <sp n="16">
        <speaker>SPADE</speaker> Did he kill Archer? </sp>
    <sp n="17">
        <speaker>BRIGID</speaker> Yes, certainly. </sp>
    <sp n="18">
        <speaker>SPADE</speaker> Picked a nice sort of playmate. </sp>
    <sp n="19">
        <speaker>BRIGID</speaker> Only that sort could have helped me if - if he had been loyal. </sp>
    <sp n="20">
        <speaker>SPADE</speaker> How bad a hole are you actually in? </sp>
    <sp n="21">
        <speaker>BRIGID</speaker> As bad as could be. </sp>
    <sp n="22">
        <speaker>SPADE</speaker> Physical danger? </sp>
    <sp n="23">
        <speaker>BRIGID</speaker> I'm not heroic. I don't think there's anything worse than death. </sp>
    <sp n="24">
        <speaker>SPADE</speaker> Then it's that? </sp>
    <sp n="25">
        <speaker>BRIGID</speaker> It's that as surely as we're sitting here. Unless you help me. </sp>
    <sp n="26">
        <speaker>SPADE</speaker> Who killed Thursby? Your enemies or his? </sp>
    <sp n="27">
        <speaker>BRIGID</speaker> I don't know. His, I suppose. I'm afraid, I don't know. </sp>
    <sp n="28">
        <speaker>SPADE</speaker> Who ARE these enemies? </sp>
    <sp n="29">
        <speaker>BRIGID</speaker>
        <stage>EVASIVE</stage> Well, there's a small, dark man with white teeth and a smooth,
        dangerous fat man. </sp>
    <sp n="30">
        <speaker>SPADE</speaker> Oh, this is hopeless. Well, how much money have you got? </sp>
    <sp n="31">
        <speaker>BRIGID</speaker> I've about five hundred dollars left. </sp>
    <sp n="32">
        <speaker>SPADE</speaker> Give it to me. </sp>
    <stage type="scene" n="8">SOUND: FOOTSTEPS AWAY ... DRAWER OPENS AND CLOSES ... FOOTSTEPS RETURN
        ... SPADE COUNTS THE MONEY</stage>
    <sp n="33">
        <speaker>SPADE</speaker> There's only four hundred here. </sp>
    <sp n="34">
        <speaker>BRIGID</speaker>
        <stage>DEFENSIVE</stage> I had to keep some to live on. </sp>
    <sp n="35">
        <speaker>SPADE</speaker>
        <stage>RELENTS</stage> Okay. I'll be back as soon as I can. You needn't come to the door
        with me. I can let myself out. </sp>
    <stage type="scene" n="9">MUSIC ... A BRIDGE, THEN IN BG</stage>
    <sp n="36">
        <speaker>SPADE</speaker>
        <stage>NARRATES</stage> I went by the office then and found a dark little guy with very
        white teeth waiting for me. His name was Joel Cairo. He was a Greek. </sp>
    <stage type="scene" n="10">MUSIC ... OUT</stage>
    <stage type="scene" n="11">SOUND: DOOR SHUTS</stage>
    <sp n="37">
        <speaker>CAIRO</speaker>
        <stage>MOUSY, WITH AN ALLEGEDLY GREEK ACCENT</stage> Mr. Spade, I'm trying to recover an -
        an ornament that has been, shall we say, mislaid. I thought and hoped you could assist me. </sp>
    <sp n="38">
        <speaker>SPADE</speaker> Uh huh. </sp>
    <sp n="39">
        <speaker>CAIRO</speaker> The ornament is a statuette, the black figure of a bird. I am
        prepared to pay the sum of five thousand dollars for its recovery -- and no questions asked. </sp>
    <sp n="40">
        <speaker>SPADE</speaker> Five thousand's a lot of money. It's a very interesting figure-- </sp>
    <sp n="41">
        <speaker>CAIRO</speaker> You will put your hands together, back of your neck, Mr. Spade. </sp>
    <sp n="42">
        <speaker>SPADE</speaker> Huh? Oh, sure. </sp>
    <sp n="43">
        <speaker>CAIRO</speaker> I shall shoot you if you try to stop me, Mr. Spade. But I must
        search your office. </sp>
    <sp n="44">
        <speaker>SPADE</speaker> You won't find anything but a pair of worn out rubbers, a half-pint
        of rum and a pack o' chewing gum. </sp>
    <sp n="45">
        <speaker>CAIRO</speaker> We shall see. Please stand up. </sp>
    <stage type="scene" n="12">SOUND: CHAIR SQUEAKS AS SPADE RISES ... FOOTSTEPS TO CAIRO</stage>
    <sp n="46">
        <speaker>CAIRO</speaker>
        <stage>DIRECTS HIM WHERE TO STAND</stage> So. </sp>
    <sp n="47">
        <speaker>SPADE</speaker> Sure. This way? </sp>
    <sp n="48">
        <speaker>CAIRO</speaker> No. The other way. </sp>
    <sp n="49">
        <speaker>SPADE</speaker> Sure. </sp>
    <stage type="scene" n="13">SOUND: SPADE PUNCHES CAIRO, KNOCKS HIM DOWN</stage>
    <sp n="50">
        <speaker>SPADE</speaker> I'll take the gun, Mr. Cairo. Now, get up. </sp>
    <stage type="scene" n="14">SOUND: CAIRO RISES</stage>
    <sp n="51">
        <speaker>CAIRO</speaker>
        <stage>WEAKLY</stage> I am very slow at things like that, unfortunately. </sp>
    <sp n="52">
        <speaker>SPADE</speaker>
        <stage>AMUSED</stage> Yeah. </sp>
    <sp n="53">
        <speaker>CAIRO</speaker> I'm still prepared to pay five thousand dollars for the return of
        the figure. Do you have it, Mr. Spade? </sp>
    <sp n="54">
        <speaker>SPADE</speaker> No. </sp>
    <sp n="55">
        <speaker>CAIRO</speaker>
        <stage>CONFUSED</stage> If it is not here, why did you just risk serious injury to prevent
        my searching for it? </sp>
    <sp n="56">
        <speaker>SPADE</speaker> Well, I should sit around and let people come in and stick me up? </sp>
    <sp n="57">
        <speaker>CAIRO</speaker> You wish some assurance of my sincerity? A retainer? </sp>
    <sp n="58">
        <speaker>SPADE</speaker> I might. </sp>
    <sp n="59">
        <speaker>CAIRO</speaker> Say, one hundred dollars? </sp>
    <stage type="scene" n="15">SOUND: WHIPS OUT SOME CASH</stage>
    <sp n="60">
        <speaker>SPADE</speaker> Ah, ya better make it two hundred. </sp>
    <stage type="scene" n="16">SOUND: MONEY CHANGES HANDS</stage>
    <sp n="61">
        <speaker>SPADE</speaker> Thanks. Your first guess was that I had the bird. What's your
        second guess? </sp>
    <sp n="62">
        <speaker>CAIRO</speaker> That you know where it is, or where you can get it. </sp>
    <sp n="63">
        <speaker>SPADE</speaker> You're not hiring me to murder or do burglary but to get back the
        figure in some lawful way? Say, from a dame with red hair? Or a smooth, dangerous fat man? </sp>
    <sp n="64">
        <speaker>CAIRO</speaker> Oh, so you know? You must beware of them. They would stop at
        nothing. May - may I have my pistol now? </sp>
    <sp n="65">
        <speaker>SPADE</speaker>
        <stage>CHUCKLES</stage> Yeah, yeah, sure. I'd forgotten it. </sp>
    <sp n="66">
        <speaker>CAIRO</speaker> Thank you. Now, Mr. Spade, you will kindly clasp your hands behind
        your neck? </sp>
    <sp n="67">
        <speaker>SPADE</speaker> What the--? <stage>STARTS TO LAUGH</stage>
    </sp>
    <sp n="68">
        <speaker>CAIRO</speaker> Don't move, Mr. Spade. This time, I might shoot. I insist on
        searching your office. </sp>
    <sp n="69">
        <speaker>SPADE</speaker>
        <stage>STILL LAUGHING</stage> Sure! Go ahead! </sp>
    <stage type="scene" n="17">MUSIC ... A BRIEF BRIDGE ... THEN IN BG</stage>
    <sp n="70">
        <speaker>SPADE</speaker>
        <stage>NARRATES</stage> I finally got rid of the Greek and started back for Brigid
        O'Shaughnessy's apartment. Matter of fact, I had a hunch that the Greek was going there
        himself and started to tail his cab when a sad-faced guy poked something into my back and
        said: </sp>
    <stage type="scene" n="18">MUSIC ... AN ACCENT ... THEN OUT</stage>
    <sp n="71">
        <speaker>WILMER</speaker> Come on. The Fat Man wants yo see ya. </sp>
    <stage type="scene" n="19">MUSIC ... AN ACCENT, A BRIEF BRIDGE ... THEN IN OUT</stage>
    <sp n="72">
        <speaker>WILMER</speaker> Here he is, Mr. Gutman -- the guy who was talkin' to the dame and
        the Greek. </sp>
    <sp n="73">
        <speaker>GUTMAN</speaker>
        <stage>ENGLISH ACCENT</stage> Ah! Mr. Spade! </sp>
    <sp n="74">
        <speaker>SPADE</speaker>
        <stage>PLEASANTLY</stage> Mr. Gutman. </sp>
    <sp n="75">
        <speaker>GUTMAN</speaker> We begin well, sir. I distrust a man who talks too much. </sp>
    <sp n="76">
        <speaker>SPADE</speaker> I like to talk. </sp>
    <sp n="77">
        <speaker>GUTMAN</speaker> Of course, talking's something you can't do judiciously - unless
        you keep in practice. </sp>
    <sp n="78">
        <speaker>SPADE</speaker> Yeah. </sp>
    <sp n="79">
        <speaker>GUTMAN</speaker> Now, sir, we'll talk if you like. And I'll tell you right out that
        I'm a man [who] likes talking to a man who likes to talk. </sp>
    <sp n="80">
        <speaker>SPADE</speaker> Swell. Will we talk about the black bird? </sp>
    <sp n="81">
        <speaker>GUTMAN</speaker> You're the man for me, sir. No beating about the bush, right to
        the point. Let us talk about the black bird, by all means. Mr. Spade, have you any
        conception of how much money can be got for that black bird? </sp>
    <sp n="82">
        <speaker>SPADE</speaker> No. </sp>
    <sp n="83">
        <speaker>GUTMAN</speaker> Well, sir, if I told you -- if I told you half, you'd call me a
        liar. </sp>
    <sp n="84">
        <speaker>SPADE</speaker>
        <stage>WITH A CHUCKLE</stage> No, no. Not even if I thought so. But you just tell me what it
        is and I'll figure out the profits. </sp>
    <sp n="85">
        <speaker>GUTMAN</speaker> You mean you don't know what that bird is? </sp>
    <sp n="86">
        <speaker>SPADE</speaker> Well, I know what it's supposed to look like. I know the value in
        human life you people put on it. </sp>
    <sp n="87">
        <speaker>GUTMAN</speaker> Miss O'Shaughnessy didn't tell you what it is? And Cairo didn't,
        either? </sp>
    <sp n="88">
        <speaker>SPADE</speaker> He offered me ten thousand for it. </sp>
    <sp n="89">
        <speaker>GUTMAN</speaker>
        <stage>SCOFFS</stage> Ten thousand! <stage>CHUCKLES</stage> And dollars, mind you, not even
        pounds. <stage>SERIOUS</stage> They must know what it is. Or do they? What is your
        impression? </sp>
    <sp n="90">
        <speaker>SPADE</speaker> I can't tell. They're both lying. </sp>
    <sp n="91">
        <speaker>GUTMAN</speaker> If they don't know, I'm the only one in the whole wide, sweet
        world who does. </sp>
    <sp n="92">
        <speaker>SPADE</speaker> Swell. When you've told me, that'll make two of us. </sp>
    <sp n="93">
        <speaker>GUTMAN</speaker> Mathematically correct, sir. But I don't know for certain that I'm
        going to tell you. </sp>
    <sp n="94">
        <speaker>SPADE</speaker> Oh, don't be foolish. You know what it is and I know where it is.
        That's why I'm here. </sp>
    <sp n="95">
        <speaker>GUTMAN</speaker> Well, sir, where is it? </sp>
    <sp n="96">
        <speaker>SPADE</speaker>
        <stage>CHUCKLES</stage> Don't be silly. </sp>
    <sp n="97">
        <speaker>GUTMAN</speaker> You see, I must tell you what I know but you will not tell me what
        you know. That is hardly equitable, sir. No, no. I don't think we can do business along
        those lines. </sp>
    <sp n="98">
        <speaker>SPADE</speaker>
        <stage>SUDDENLY VIOLENTLY ANGRY</stage> Yeah? Well, think again and think fast. I can get
        along without you! And keep that gunsel away from me while you're makin' up your mind! I'll
        kill him! GUTMAN: Well, sir, I must say you have a most violent temper. </sp>
    <sp n="99">
        <speaker>SPADE</speaker> Well, what are you wasting time for?! You've got till 5:30, then
        you're either in or out for keeps! </sp>
    <stage type="scene" n="20">MUSIC ... A BRIDGE ... THEN IN BG</stage>
    <sp n="100">
        <speaker>SPADE</speaker>
        <stage>NARRATES</stage> Three characters and a black bird. Well, all I knew was, my partner
        was dead and the cops were getting very uncooperative about the whole thing, including "who
        killed Floyd Thursby?" I thought I'd better get back to see that O'Shaughnessy dame before
        it was too late. And, sure enough, it almost was. </sp>
    <sp n="101">
        <speaker>BRIGID</speaker> They came here and took him away. </sp>
    <sp n="102">
        <speaker>SPADE</speaker> Took who away? Who? </sp>
    <sp n="103">
        <speaker>BRIGID</speaker> The police. They - they wanted to talk to you, too. They took Mr.
        Cairo with them. </sp>
    <sp n="104">
        <speaker>SPADE</speaker> What was HE doing here? </sp>
    <sp n="105">
        <speaker>BRIGID</speaker>
        <stage>EVASIVE</stage> He came to talk about the bird. </sp>
    <sp n="106">
        <speaker>SPADE</speaker> Hey, what IS this bird, this falcon, that everybody's all steamed
        up about? </sp>
    <sp n="107">
        <speaker>BRIGID</speaker> Suppose I wouldn't tell you anything at all about it? What would
        you do? Something wild and unpredictable? </sp>
    <sp n="108">
        <speaker>SPADE</speaker> Maybe. </sp>
    <sp n="109">
        <speaker>BRIGID</speaker> Well, it's a black figure, as you know -- smooth and shiny, of a
        bird -- a hawk or falcon, about twelve inches high. </sp>
    <sp n="110">
        <speaker>SPADE</speaker> Well, what makes it so important? </sp>
    <sp n="111">
        <speaker>BRIGID</speaker> I don't know. They wouldn't tell me. But they promised me five
        hundred pounds if I helped them get it from the man who had it. </sp>
    <sp n="112">
        <speaker>SPADE</speaker> Go ahead. </sp>
    <sp n="113">
        <speaker>BRIGID</speaker> They promised me five hundred pounds to help them and I did. Then
        we found that Joel Cairo was going to take the falcon and desert Floyd and me, so we - did
        that to Joel first. </sp>
    <sp n="114">
        <speaker>SPADE</speaker> You ARE a liar. </sp>
    <sp n="115">
        <speaker>BRIGID</speaker>
        <stage>AFTER A BEAT, AGREES</stage> I am a liar. I've always been a liar. </sp>
    <sp n="116">
        <speaker>SPADE</speaker>
        <stage>CHUCKLES</stage> Well, don't brag about it. Is there any truth at all in that yarn? </sp>
    <sp n="117">
        <speaker>BRIGID</speaker> Some. Not very much. </sp>
    <sp n="118">
        <speaker>SPADE</speaker> Well, we've got plenty of time. I'll put some coffee on and we'll
        try again. </sp>
    <sp n="119">
        <speaker>BRIGID</speaker>
        <stage>SIGHS</stage> Oh, I'm so tired. So tired of lying and thinking up lies, and - not
        knowing what is a lie and what is the truth. Oh, darling, don't stare at me like that. Come
        closer, darling. </sp>
    <sp n="120">
        <speaker>SPADE</speaker> It IS something to do while waiting. <stage>STUDIO AUDIENCE
            LAUGHS</stage> Why not? </sp>
    <sp n="121">
        <speaker>BRIGID</speaker> Kiss me, Sam Spade. Kiss me. </sp>
    <sp n="122">
        <speaker>SPADE</speaker> Why not? </sp>
    <stage type="scene" n="21">SOUND: DOORBELL BUZZES</stage>
    <sp n="123">
        <speaker>SPADE</speaker> Ah, it happens every time. I'll get it. </sp>
    <sp n="124">
        <speaker>BRIGID</speaker> Be careful, darling. </sp>
    <stage type="scene" n="22">SOUND: FOOTSTEPS ... UNLOCKS DOOR ... OPENS DOOR</stage>
    <sp n="125">
        <speaker>WILMER</speaker> Okay. Come on, you. He wants to see you. </sp>
    <sp n="126">
        <speaker>SPADE</speaker> Well, if it isn't the Fat Man's killer! Hello, paleface -- how
        many'd you bump off today? </sp>
    <sp n="127">
        <speaker>WILMER</speaker> Shut up! Gutman's waiting for you. </sp>
    <sp n="128">
        <speaker>SPADE</speaker> No kidding. What kept ya? </sp>
    <sp n="129">
        <speaker>BRIGID</speaker> Darling, what does he want? </sp>
    <sp n="130">
        <speaker>SPADE</speaker> He wants me. The Fat Man's been thinking things over. </sp>
    <stage type="scene" n="23">MUSIC ... A BRIEF BRIDGE ... IN AND OUT</stage>
    <sp n="131">
        <speaker>GUTMAN</speaker> Well, Mr. Spade, I must apologize for sending for you in this
        fashion. </sp>
    <sp n="132">
        <speaker>SPADE</speaker> Ah, never mind. Let's talk about the bird. </sp>
    <sp n="133">
        <speaker>GUTMAN</speaker> All right. Let's. What do you think of the Order of the Hospital
        of Saint John of Jerusalem? </sp>
    <sp n="134">
        <speaker>SPADE</speaker> Crusaders or something, weren't they? </sp>
    <sp n="135">
        <speaker>GUTMAN</speaker> Very good. In 1539, these crusading knights persuaded Emperor
        Charles V to give them the island of Malta. He made but one condition. They were to pay him
        each year the tribute of a falcon - in acknowledgment that Malta was still under Spain. Do
        you follow me? </sp>
    <sp n="136">
        <speaker>SPADE</speaker> Yeah. </sp>
    <sp n="137">
        <speaker>GUTMAN</speaker> Have you any conception of the extreme, immeasurable wealth of the
        Order of that time? </sp>
    <sp n="138">
        <speaker>SPADE</speaker> Well, I imagine they were pretty well fixed. </sp>
    <sp n="139">
        <speaker>GUTMAN</speaker> They were rolling in wealth, sir. They hit upon the happy thought
        of sending the emperor for the first year's tribute, not an insignificant live bird, but a
        glorious golden falcon, encrusted from head to foot with the finest jewels in their coffers. </sp>
    <stage type="scene" n="24">SOUND: GLASSES CLINK</stage>
    <sp n="140">
        <speaker>GUTMAN</speaker> Allow me to replenish your drink, sir. </sp>
    <stage type="scene" n="25">SOUND: DRINK POURED</stage>
    <sp n="141">
        <speaker>GUTMAN</speaker> Well, what do you think of these knights? </sp>
    <sp n="142">
        <speaker>SPADE</speaker> I don't know. </sp>
    <sp n="143">
        <speaker>GUTMAN</speaker> Well, sir, the glorious falcon never reached Spain. Buccaneers
        raided the galleon. In 1713, the bird showed up in Sicily. In 1840, in Paris. And it had by
        that time, acquired a coat of black enamel, looking like nothing but a fairly interesting
        black statue. In 1923, a Greek dealer found it in an obscure Paris shop. He knew what it
        was. I heard about it in London and rushed over to buy it. But the Greek was murdered and
        the falcon gone. That was twenty-three years ago. For twenty-three years, I've searched for
        the bird. I traced it to the home of a Russian general, Kemidov, but he wouldn't sell, even
        though he knew nothing of its value. I was forced to send my agents after it. They got it,
        sir. But I haven't got it. But I'm going to get it, sir. Um, how soon can you, uh, how soon
        are you willing to produce the falcon? </sp>
    <sp n="144">
        <speaker>SPADE</speaker>
        <stage>INCREASINGLY GROGGY</stage> Uh, couple of days. </sp>
    <sp n="145">
        <speaker>GUTMAN</speaker> That is satisfactory. Well, sir, here's a fair bargain and profits
        large enough for both of us. </sp>
    <sp n="146">
        <speaker>SPADE</speaker> What's your idea of a fair bargain? </sp>
    <sp n="147">
        <speaker>GUTMAN</speaker> Shall I say one hundred thousand? </sp>
    <sp n="148">
        <speaker>SPADE</speaker> Why not? </sp>
    <sp n="149">
        <speaker>GUTMAN</speaker> What do you say to a quarter of a million? </sp>
    <sp n="150">
        <speaker>SPADE</speaker> Oh, then you think the dingus is worth a million, huh? </sp>
    <sp n="151">
        <speaker>GUTMAN</speaker> Why not? </sp>
    <sp n="152">
        <speaker>SPADE</speaker> Yeah. Why not? Say, I - I feel kind of funny, Gutman. That drink. </sp>
    <sp n="153">
        <speaker>GUTMAN</speaker> My dear man, how could you suggest anything so crude? </sp>
    <stage type="scene" n="26">SOUND: SPADE DROPS HIS GLASS WHICH SHATTERS ON THE FLOOR</stage>
    <sp n="154">
        <speaker>SPADE</speaker> I-- I-- <stage>EXHALES</stage>
    </sp>
    <stage type="scene" n="27">SOUND: SPADE COLLAPSES UNCONSCIOUS TO THE FLOOR</stage>
    <sp n="155">
        <speaker>GUTMAN</speaker>
        <stage>CHUCKLES, THEN CALLS OUT</stage> Wilmer, Wilmer! </sp>
    <stage type="scene" n="28">SOUND: DOOR OPENS, FOOTSTEPS ENTER</stage>
    <sp n="156">
        <speaker>WILMER</speaker> Yeah? The drink got him, huh? </sp>
    <sp n="157">
        <speaker>GUTMAN</speaker> Put your guns away, Wilmer. You must learn to be subtle in these
        things. Like me. </sp>
    <sp n="158">
        <speaker>WILMER</speaker> Out like a light, huh? Well, I owe him something, the louse -- he
        thinks he's tough. Let's see if he can take this. </sp>
    <stage type="scene" n="29">SOUND: WILMER KICKS SPADE -- FIVE TIMES</stage>
    <sp n="159">
        <speaker>GUTMAN</speaker> That's enough, Wilmer. </sp>
    <sp n="160">
        <speaker>WILMER</speaker>
        <stage>EXHALES</stage>
    </sp>
    <sp n="161">
        <speaker>GUTMAN</speaker> You've kicked him enough. It'd never do to kill him here. Besides,
        Wilmer, you know - how I hate the sight of blood. </sp>
    <stage type="scene" n="30">MUSIC ... TO A CONCLUSION ... IN AND OUT</stage>
    <stage type="scene" n="31">SOUND: STUDIO AUDIENCE APPLAUSE</stage>
    <sp n="162">
        <speaker>ANNOUNCER</speaker> In a moment, you will hear the second part of "Academy Award"! </sp>
    <sp n="163">You yourself uncover jewels more precious than the rarest gems every time you smile.
        Your teeth are priceless. Preserve their natural brilliance with creamy smooth Squibb Dental
        Cream. For the polishing agent in this quality dentifrice is one of the safest, softest, yet
        most effective known to dental science. That's why you can actually see the refreshing
        difference when you brush your teeth with Squibb Dental Cream. And you can taste and feel
        the refreshing difference, too. That's because the delightful flavor of Squibb Dental Cream
        is cool and inviting as a shady bed of mint. Because the refreshing action of Squibb Dental
        Cream leaves your teeth and gums feeling gloriously clean. So, for a brighter smile and a
        happier mouth, try Squibb Dental Cream -- one of the great family of Squibb products.</sp>
    <stage type="scene" n="32">MUSIC ... PUNCTUATES THE FOLLOWING:</stage>
    <sp n="164">
        <speaker>ANNOUNCER</speaker> Taste -- feel -- and see -- the refreshing difference! Use
        Squibb Dental Cream! </sp>
    <stage type="scene" n="33">MUSIC ... TRANSITIONS TO A BRIEF BRIDGE, THEN UNDER</stage>
    <sp n="165">
        <speaker>ANNOUNCER</speaker> In a moment, you will hear Part Two of "The Maltese Falcon"!
        But, first, we want to thank Warner Brothers for making this story available. And, one thing
        more -- on August sixth, Warner Brothers will celebrate the twentieth anniversary of sound
        pictures! Yes, it has been THAT long since the silent shadows of the screen found a voice!
        We congratulate Warner Brothers on this historic anniversary. </sp>
    <stage type="scene" n="34">MUSIC ... THEME ... IN AND UNDER</stage>
    <sp n="166">
        <speaker>ANNOUNCER</speaker> And now, the House of Squibb presents Part Two of "Academy
        Award" starring Humphrey Bogart in "The Maltese Falcon" - with Mary Astor and Sydney
        Greenstreet. </sp>
    <stage type="scene" n="35">MUSIC ... TRANSITIONS TO A BRIDGE, THEN UNDER</stage>
    <sp n="167">
        <speaker>SPADE</speaker>
        <stage>NARRATES</stage> I guess the name of Sam Spade was a cinch for the back page
        obituaries -- but I came out of it somehow and managed to get up and stagger out of that
        apartment. </sp>
    <sp n="168">I went around to the hotel where Joel Cairo had a room and made a deal with the
        house dick to let me search it. All I could find was a newspaper in the wastebasket folded
        back to the steamship news. There was a list of arrivals and one was marked. It said, "Eight
        seven A. M. -- the La Paloma from Hong Kong." That was good enough for me. I got a cab and
        rode to the docks. The La Paloma was on fire and burning beautifully. I went back to my
        office to hold my aching head and think things over when the door opened ...</sp>
    <stage type="scene" n="36">SOUND: DOOR OPENS</stage>
    <sp n="169">
        <speaker>SPADE</speaker>
        <stage>NARRATES</stage> ... and a tall guy in a long black overcoat stood there with a
        package in his hands, making gurgling noises, before he fell like a tree. </sp>
    <stage type="scene" n="37">SOUND: MAN AND PACKAGE FALL - LIKE A TREE - TO THE FLOOR</stage>
    <sp n="170">
        <speaker>SPADE</speaker>
        <stage>NARRATES</stage> He should have. He was dead. </sp>
    <stage type="scene" n="38">MUSIC ... AN ACCENT, THEN OUT</stage>
    <stage type="scene" n="39">SOUND: PHONE RINGS</stage>
    <sp n="171">
        <speaker>SPADE</speaker>
        <stage>NARRATES</stage> I took a good look at him. He was a mate off the La Paloma. I
        unwrapped his package and there it was. The black bird. The Maltese Falcon. </sp>
    <stage type="scene" n="40">MUSIC ... AN ACCENT, THEN UNDER</stage>
    <stage type="scene" n="41">SOUND: SPADE PICKS UP PHONE</stage>
    <sp n="172">
        <speaker>SPADE</speaker>
        <stage>NARRATES</stage> I grabbed the phone and listened. It was Brigid O'Shaughnessy and
        she said she was in trouble. I found her shivering in the dark corner of an office building
        and I took her and the falcon home to my apartment. </sp>
    <stage type="scene" n="42">SOUND: APARTMENT DOOR OPENS AND CLOSES ... FOOTSTEPS</stage>
    <sp n="173">
        <speaker>SPADE</speaker>
        <stage>NARRATES</stage> I put her on the couch. I put the falcon in the icebox -- where no
        one would think to look for anything, including ice. I came back in and switched on the
        lights ... </sp>
    <stage type="scene" n="43">SOUND: LIGHT SWITCH CLICKS</stage>
    <sp n="174">
        <speaker>SPADE</speaker>
        <stage>NARRATES</stage> ... and found a surprise party waiting to greet me. </sp>
    <stage type="scene" n="44">MUSIC ... OUT</stage>
    <sp n="175">
        <speaker>GUTMAN</speaker> Well, sir, we're all here. Now, let's sit down and be comfortable
        and talk. </sp>
    <sp n="176">
        <speaker>SPADE</speaker> Sure. <stage>SHARPLY, TO WILMER</stage> Get away from me, gunsel!
        You're not gonna frisk me! </sp>
    <sp n="177">
        <speaker>WILMER</speaker> Stand still! Shut up! </sp>
    <sp n="178">
        <speaker>SPADE</speaker> Put your paw on me and I'm gonna make you use that gun. Ask your
        boss if he wants me shot up before we talk. </sp>
    <sp n="179">
        <speaker>GUTMAN</speaker> Never mind, Wilmer. You're certainly a most headstrong individual,
        Mr. Spade. Well, let's be seated. </sp>
    <sp n="180">
        <speaker>SPADE</speaker> You, too, Cairo. You can put down your gun, too. </sp>
    <sp n="181">
        <speaker>CAIRO</speaker> Of course, Mr. Spade. I was only using caution, as it were. </sp>
    <sp n="182">
        <speaker>SPADE</speaker> You ready, Gutman? Are you ready to make the first payment and take
        the falcon off my hands? </sp>
    <sp n="183">
        <speaker>GUTMAN</speaker> Well, sir, as to that, here are ten thousand dollars, sir. </sp>
    <sp n="184">
        <speaker>SPADE</speaker> Oh? We were talking about more money than this. </sp>
    <sp n="185">
        <speaker>GUTMAN</speaker> Yes, sir, we were. But this is genuine coin of the realm, sir.
        With a dollar of this you can buy ten dollars of talk and, besides, there are more of us to
        be taken care of now. </sp>
    <sp n="186">
        <speaker>SPADE</speaker> Well, that may be. But I'VE got the falcon. </sp>
    <sp n="187">
        <speaker>CAIRO</speaker> I should not think it would be necessary to remind you, Mr. Spade,
        that though you may have the falcon, yet we certainly have you. </sp>
    <sp n="188">
        <speaker>SPADE</speaker> Yes, I'm trying not to let that worry me. We'll come to the money
        later. There's another thing to be taken care of first. We've got to have a "fall guy." The
        police have to have a victim. Somebody they can stick for those three murders. </sp>
    <sp n="189">
        <speaker>CAIRO</speaker> Two. Only two murders, Mr. Spade. Thursby undoubtedly killed your
        partner. </sp>
    <sp n="190">
        <speaker>SPADE</speaker> All right. Two. What difference does it make? The point is, we've
        got to give the police-- </sp>
    <sp n="191">
        <speaker>GUTMAN</speaker> Come, come, Mr. Spade. You can't expect us to believe at this late
        date you are the least afraid of the police. Or that you're not able to handle-- </sp>
    <sp n="192">
        <speaker>SPADE</speaker> I'm up to my neck, Gutman. I've got to come through with somebody,
        a victim, when the time comes. If I don't, I'll be it. Let's give 'em the gunsel. He
        actually did shoot Thursby and the other one, didn't he? Anyway, he's made to order for the
        part. Let's turn him over to the cops. </sp>
    <stage type="scene" n="45">SOUND: WILMER RISES</stage>
    <sp n="193">
        <speaker>WILMER</speaker>
        <stage>SAVAGE</stage> Get up on your feet! I've taken all the riding from you I'm gonna
        take. Get up, shoot it out! </sp>
    <sp n="194">
        <speaker>GUTMAN</speaker> Now, now, Wilmer, don't shoot--! </sp>
    <stage type="scene" n="46">SOUND: SPADE SLUGS WILMER WHO FALLS TO FLOOR UNCONSCIOUS</stage>
    <sp n="195">
        <speaker>SPADE</speaker> There. There, gunsel, that'll take care of you. </sp>
    <stage type="scene" n="47">SOUND: FOOTSTEPS AS WILMER IS MOVED TO SOFA</stage>
    <sp n="196">
        <speaker>SPADE</speaker> Put 'em on the sofa. Sorry, Brigid, but you seem to have recovered. </sp>
    <sp n="197">
        <speaker>BRIGID</speaker> I'm - I'm all right. </sp>
    <sp n="198">
        <speaker>SPADE</speaker> Good. Well, gentlemen, there's our fall guy. And now, gentlemen,
        you agree - or I'll turn the falcon and the whole lot of you in. </sp>
    <sp n="199">
        <speaker>GUTMAN</speaker> Mr. Spade, I don't like this. What if we, uh, took matters into
        our own hands and killed you? </sp>
    <sp n="200">
        <speaker>SPADE</speaker> You won't. Or you'll never find the falcon. </sp>
    <sp n="201">
        <speaker>GUTMAN</speaker> True, but there are other ways. We could make you talk. </sp>
    <sp n="202">
        <speaker>SPADE</speaker> No, I'd take it and make you kill me and then you'd end up the same
        way. </sp>
    <sp n="203">
        <speaker>GUTMAN</speaker>
        <stage>LAUGHS</stage> I believe you would, too. <stage>STUDIO AUDIENCE LAUGHS</stage>
    </sp>
    <sp n="204">
        <speaker>SPADE</speaker> Well? </sp>
    <sp n="205">
        <speaker>GUTMAN</speaker> I've always felt toward Wilmer like a father. But you can have
        him. </sp>
    <sp n="206">
        <speaker>SPADE</speaker> Swell. Let's get the details fixed. Why did he shoot Thursby? </sp>
    <sp n="207">
        <speaker>GUTMAN</speaker> Thursby was Miss O'Shaughnessy's ally. We thought, in disposing of
        him, we would teach Miss O'Shaughnessy to patch up her differences with us regarding the
        falcon. </sp>
    <sp n="208">
        <speaker>SPADE</speaker> And the mate from the La Paloma? </sp>
    <sp n="209">
        <speaker>GUTMAN</speaker> That was Miss O'Shaughnessy's fault. </sp>
    <sp n="210">
        <speaker>BRIGID</speaker>
        <stage>GASPS</stage>
    </sp>
    <sp n="211">
        <speaker>GUTMAN</speaker> Cairo got in touch with me when he saw the notice of the ship's
        arrival. He remembered that the mate and Miss O'Shaughnessy had been friendly in Hong Kong.
        He called on this man but he, with Miss O'Shaughnessy and the bird, slipped through our
        fingers. We followed them to her apartment and Wilmer shot the mate as he was coming down
        the fire escape. He shot him many times but the man was tough and he did not drop the
        falcon. We, um, persuaded Miss O'Shaughnessy to call your office. But, unfortunately, she
        did not call in time to prevent you from meeting the mate and getting the falcon. </sp>
    <sp n="212">
        <speaker>SPADE</speaker> I see. </sp>
    <sp n="213">
        <speaker>GUTMAN</speaker> And now, sir, er, would it be presumptuous if we asked to see the
        falcon? </sp>
    <sp n="214">
        <speaker>SPADE</speaker> Okay. It's in my icebox. </sp>
    <stage type="scene" n="48">SOUND: CAIRO'S FOOTSTEPS TO THE ICEBOX</stage>
    <sp n="215">
        <speaker>GUTMAN</speaker> Icebox?! I say. <stage>LAUGHS</stage> You ARE a character, sir!
        Yes, very, very clever of you, very. </sp>
    <stage type="scene" n="49">SOUND: ICEBOX DOOR OPENS</stage>
    <sp n="216">
        <speaker>CAIRO</speaker> I've got it! I've got it! </sp>
    <stage type="scene" n="50">SOUND: ICEBOX DOOR SHUTS ... CAIRO'S FOOTSTEPS RETURN</stage>
    <sp n="217">
        <speaker>GUTMAN</speaker> Bring it in here, at once. </sp>
    <stage type="scene" n="51">SOUND: UNWRAPS THE PACKAGE</stage>
    <sp n="218">
        <speaker>CAIRO</speaker> Here, wrapped in this ... </sp>
    <sp n="219">
        <speaker>GUTMAN</speaker> Now after twenty-three years... </sp>
    <stage type="scene" n="52">SOUND: UNWRAPPING STOPS, A PAUSE</stage>
    <sp n="220">
        <speaker>GUTMAN</speaker> Ah! It is it! But we'll make sure. Hand me your knife, sir. </sp>
    <sp n="221">
        <speaker>CAIRO</speaker> Here. </sp>
    <sp n="222">
        <speaker>GUTMAN</speaker> I'll peel off some of this - disfiguring enamel. </sp>
    <stage type="scene" n="53">SOUND: KNIFE SCRAPES THE ENAMEL</stage>
    <sp n="223">
        <speaker>GUTMAN</speaker>
        <stage>WHISPERS IN HORROR</stage> It's--! It's a fake! </sp>
    <sp n="224">
        <speaker>BRIGID</speaker>
        <stage>GASPS</stage>
    </sp>
    <sp n="225">
        <speaker>SPADE</speaker> All right, O'Shaughnessy, you've had your little joke. Now, tell us
        about it. </sp>
    <sp n="226">
        <speaker>BRIGID</speaker> No, Sam, no! That's the one I got from the Russian, I swear! </sp>
    <sp n="227">
        <speaker>CAIRO</speaker> You bungled it, Gutman -- you and your stupid attempt to buy it.
        The Russian caught on how valuable it was. No wonder we had so little trouble stealing it.
        You imbecile! You bloated idiot! </sp>
    <sp n="228">
        <speaker>GUTMAN</speaker> Yes. This is the Russian's hand, there's no doubt of it. Well sir,
        what do you suggest? Shall we stand here and shed tears and call each other names? Or shall
        we go to Istanbul and interview our Russian friend? </sp>
    <sp n="229">
        <speaker>CAIRO</speaker> Go to Istanbul? </sp>
    <sp n="230">
        <speaker>GUTMAN</speaker> For twenty-three years I wanted that little item and have been
        trying to get it. If I must spend another year on the quest, well, that will be an added
        expenditure in time only. </sp>
    <sp n="231">
        <speaker>CAIRO</speaker> I'll go with you. Wilmer's gone! </sp>
    <sp n="232">
        <speaker>GUTMAN</speaker> Wilmer's gone? So he has. That makes it imperative that we go,
        too. <stage>TO SPADE</stage> Oh, by the way, sir, I'll trouble you for my envelope
        containing the ten thousand dollars. </sp>
    <sp n="233">
        <speaker>SPADE</speaker> I kept my end of the bargain, but - I'll settle for a thousand for
        expenses. </sp>
    <sp n="234">
        <speaker>GUTMAN</speaker> Thank you. I'll allow you the thousand. </sp>
    <sp n="235">
        <speaker>SPADE</speaker> That'll take care of my time. </sp>
    <sp n="236">
        <speaker>GUTMAN</speaker> Now, sir, we'll say goodbye to you - unless you care to undertake
        the Istanbul expedition with us. You don't? That's too bad. Well, sir, the shortest
        farewells are best. Adieu! And, to you, Miss O'Shaughnessy, I leave the rara avis there on
        the table there as a little memento -- the Maltese Falcon. <stage>BURSTS OUT
            LAUGHING</stage>
    </sp>
    <stage type="scene" n="54">MUSIC ... A BRIDGE ... THEN OUT</stage>
    <sp n="237">
        <speaker>SPADE</speaker> All right, O'Shaughnessy -- talk! </sp>
    <sp n="238">
        <speaker>BRIGID</speaker> Where shall I begin? </sp>
    <sp n="239">
        <speaker>SPADE</speaker> You came to me and asked me to have Thursby followed. I put my
        partner on it. He followed Thursby. He was killed. You must have told Thursby he was being
        followed. </sp>
    <sp n="240">
        <speaker>BRIGID</speaker> I told him, yes, but, please believe me, Sam, I wouldn't have told
        him if I'd thought Floyd Thursby would kill your partner. </sp>
    <sp n="241">
        <speaker>SPADE</speaker> Miles hadn't many brains but he'd had too many years experience as
        a detective to be caught like that by a man he was shadowing up a blind alley with his gun
        tucked away in his hip and his overcoat buttoned. But he'd have gone up there with you,
        angel. </sp>
    <sp n="242">
        <speaker>BRIGID</speaker>
        <stage>SHIVERS</stage>
    </sp>
    <sp n="243">
        <speaker>SPADE</speaker> He was just dumb enough for that. And then you could have stood as
        close to him in the dark as you liked and put a bullet through him. </sp>
    <sp n="244">
        <speaker>BRIGID</speaker> Don't! Don't talk like that to me, Sam! You KNOW I didn't know--! </sp>
    <sp n="245">
        <speaker>SPADE</speaker> Stop it! Why did you shoot him? </sp>
    <sp n="246">
        <speaker>BRIGID</speaker>
        <stage>DISTRAUGHT</stage> I didn't mean to at first. I - I can't look at you and tell you
        this, Sam. </sp>
    <sp n="247">
        <speaker>SPADE</speaker> You thought Thursby would tackle him. If he got Thursby, then you
        were rid of him. If Thursby won, you had something on him. Enough to be rid of him for good.
        Wasn't that it? </sp>
    <sp n="248">
        <speaker>BRIGID</speaker>
        <stage>SOBS</stage> Something like that. </sp>
    <sp n="249">
        <speaker>SPADE</speaker> But when Thursby backed down, you took the gun and did the job
        yourself. </sp>
    <sp n="250">
        <speaker>BRIGID</speaker> Oh, Sam, sweetheart! From the very first instant I saw you, I
        knew--! </sp>
    <sp n="251">
        <speaker>SPADE</speaker> You angel. Well, if you get a good break, you'll be out of San
        Quentin in twenty years and you can come back to me then. I hope they don't hang you,
        precious, by that sweet neck. </sp>
    <sp n="252">
        <speaker>BRIGID</speaker> You know deep down in your heart that in spite of anything I've
        done I love you. </sp>
    <sp n="253">
        <speaker>SPADE</speaker> I don't care who loves who. I'm not going to play the sap for you.
        I won't walk in Thursby's and I don't know how many other's footsteps. You killed my partner
        and you're going over for it! </sp>
    <sp n="254">
        <speaker>BRIGID</speaker> Why must you do this to me Sam?! Surely, your partner wasn't as
        much to you as--! </sp>
    <sp n="255">
        <speaker>SPADE</speaker> Listen! Listen to me! This won't do any good. You'll never
        understand me but I'll try once and then give it up. Listen. When a man's partner is killed,
        he's supposed to do something about it. And it happens we're in the detective business.
        Well, when one of your organization gets killed, it's - bad business to let the killer get
        away with it. Bad all around. Bad for every detective everywhere. </sp>
    <sp n="256">
        <speaker>BRIGID</speaker> You can't send me to the--! Sam! You can't! You love me! You love
        me! </sp>
    <sp n="257">
        <speaker>SPADE</speaker>
        <stage>SIGHS</stage> Maybe I do. What of it? Maybe next month I won't. I've been through it
        before. I'll have some rotten nights after I've sent you over, but that'll pass. I want you,
        sure, but I won't take you at the price because - because all of me wants to, regardless of
        consequences. And because you counted on that with me, the same as you counted on that with
        all the others. </sp>
    <sp n="258">
        <speaker>BRIGID</speaker> Oh, Sam! Darling ... Kiss me, kiss me. </sp>
    <sp n="259">
        <speaker>SPADE</speaker> Sure. Sure, baby. </sp>
    <stage type="scene" n="55">SOUND: PICKS UP PHONE, SLOWLY DIALS</stage>
    <stage type="scene" n="56">MUSIC ... DARKLY ... IN BG</stage>
    <sp n="260">
        <speaker>BRIGID</speaker> What are you doing? Who are you calling? </sp>
    <sp n="261">
        <speaker>SPADE</speaker> The cops, baby. The cops to come and - take you away. </sp>
    <stage type="scene" n="57">MUSIC ... AN ACCENT ... TO A FINISH ... THEN OUT</stage>
    <stage type="scene" n="58">SOUND: STUDIO AUDIENCE APPLAUSE</stage>
    <sp n="262">
        <speaker>ANNOUNCER</speaker> Just as thrilling as tracking down some fabulous treasure is
        the search for the unknown which goes on unceasingly in the Squibb research laboratories.
        For that is the search that leads to the discovery of new life- saving drugs and new
        life-saving uses for existing drugs. And streptomycin is one of the newest products of this
        searching. In the new field of medicine opened up by penicillin, streptomycin, still in the
        testing stages, shows great promise against additional enemies of mankind. That is why
        Squibb scientists are working night and day to unlock the secrets of streptomycin. To
        improve the strain, to find and test all the ways in which it may be used in the conquest of
        disease. It is this same questing spirit, this refusal to stop anywhere short of perfection,
        that inspires all endeavors of the House of Squibb. It is one reason why, wherever you come
        across it in the service of human health, Squibb is a name you can trust! </sp>
    <stage type="scene" n="59">MUSIC ... THEME ... IN AND UNDER</stage>
    <sp n="263">
        <speaker>ANNOUNCER</speaker> Next Wednesday, another great picture! The House of Squibb will
        present "Academy Award" starring Henry Fonda in "Young Mr. Lincoln"! </sp>
    <stage type="scene" n="60">MUSIC ... THEME ... CONTINUES</stage>
    <sp n="264">
        <speaker>ANNOUNCER</speaker> Today's performance of "The Maltese Falcon" was written for
        radio by Frank Wilson, with an original musical score composed and conducted by Leith
        Stevens. Our producer-director is Dee Engelbach! Humphrey Bogart is soon to be seen in
        Warner Brothers' "Big Sleep." Mary Astor appeared through the courtesy of
        Metro-Goldwyn-Mayer, producers of the Technicolor musical "Easy to Wed." Sydney Greenstreet
        is soon to be seen in Warner Brothers' "The Verdict." This is Hugh Brundage bidding you good
        night until next Wednesday at this same time when you're invited to listen again to "Academy
        Award" - presented by the House of Squibb, a name you can trust! This is CBS, the Columbia
        Broadcasting System! </sp>
    <stage type="scene" n="61">SOUND: STUDIO AUDIENCE APPLAUSE</stage>
    <stage type="scene" n="62">MUSIC ... TO A FINISH ... THEN OUT</stage>
</xml>
